name,cylinders,displacement,hp,weight_lbs,acceleration,year,origin,weight_kg,mpg_category,vehicle_age,origin_encoded,origin_europe,origin_japan,origin_usa,miles_per_gallon
chevrolet chevelle malibu,8.0,307.0,130.0,3504.0,12.0,70,usa,1589.386368,Low,1956,2,False,False,True,18.0
buick skylark 320,8.0,350.0,165.0,3693.0,11.5,70,usa,1675.115256,Low,1956,2,False,False,True,15.0
plymouth satellite,8.0,318.0,150.0,3436.0,11.0,70,usa,1558.542112,Low,1956,2,False,False,True,18.0
amc rebel sst,8.0,304.0,150.0,3433.0,12.0,70,usa,1557.1813359999999,Low,1956,2,False,False,True,16.0
ford torino,4.0,302.0,140.0,3449.0,10.5,70,usa,1564.4388079999999,Low,1956,2,False,False,True,17.0
ford galaxie 500,8.0,429.0,198.0,4341.0,10.0,70,usa,1969.042872,Low,1956,2,False,False,True,15.0
chevrolet impala,8.0,454.0,220.0,2797.5,9.0,70,usa,1268.92362,Low,1956,2,False,False,True,14.0
plymouth fury iii,8.0,440.0,215.0,4312.0,8.5,70,usa,1955.888704,Low,1956,2,False,False,True,14.0
pontiac catalina,8.0,455.0,92.5,4425.0,10.0,70,usa,2007.1446,Low,1956,2,False,False,True,14.0
amc ambassador dpl,8.0,390.0,190.0,3850.0,8.5,70,usa,1746.3292,Low,1956,2,False,False,True,15.0
dodge challenger se,8.0,383.0,170.0,3563.0,10.0,70,usa,1616.148296,Low,1956,2,False,False,True,15.0
plymouth 'cuda 340,8.0,340.0,160.0,3609.0,8.0,70,usa,1637.013528,Low,1956,2,False,False,True,14.0
chevrolet monte carlo,4.0,400.0,150.0,3761.0,9.5,70,usa,1705.959512,Low,1956,2,False,False,True,15.0
buick estate wagon (sw),8.0,455.0,225.0,3086.0,10.0,70,usa,1399.784912,Low,1956,2,False,False,True,14.0
toyota corona mark ii,4.0,113.0,95.0,2372.0,15.0,70,japan,1075.920224,Medium,1956,1,False,True,False,24.0
plymouth duster,6.0,198.0,95.0,2833.0,15.5,70,usa,1285.026136,Medium,1956,2,False,False,True,22.0
amc hornet,6.0,199.0,97.0,2774.0,15.5,70,usa,1258.264208,Low,1956,2,False,False,True,18.0
ford maverick,6.0,200.0,85.0,2587.0,16.0,70,usa,1173.442504,Medium,1956,2,False,False,True,21.0
datsun pl510,4.0,97.0,88.0,2130.0,14.5,70,japan,966.1509599999999,Medium,1956,1,False,True,False,27.0
volkswagen 1131 deluxe sedan,4.0,97.0,92.5,1835.0,20.5,70,europe,832.34132,Medium,1956,0,True,False,False,26.0
peugeot 504,4.0,110.0,87.0,2672.0,17.5,70,europe,1211.997824,Medium,1956,0,True,False,False,25.0
audi 100 ls,4.0,107.0,90.0,2430.0,14.5,70,europe,1102.22856,Medium,1956,0,True,False,False,24.0
saab 99e,4.0,104.0,95.0,2375.0,17.5,70,europe,1077.281,Medium,1956,0,True,False,False,25.0
bmw 2002,4.0,121.0,113.0,2234.0,15.5,70,europe,1013.324528,Medium,1956,0,True,False,False,26.0
amc gremlin,6.0,199.0,90.0,2648.0,15.0,70,usa,1201.111616,Medium,1956,2,False,False,True,21.0
ford f250,8.0,360.0,215.0,4615.0,14.0,70,usa,2093.32708,Low,1956,2,False,False,True,10.0
chevy c20,8.0,307.0,200.0,4376.0,15.0,70,usa,1984.918592,Low,1956,2,False,False,True,10.0
dodge d200,8.0,318.0,210.0,4382.0,13.5,70,usa,1987.640144,Low,1956,2,False,False,True,11.0
hi 1200d,8.0,304.0,193.0,4732.0,18.5,70,usa,2146.397344,Low,1956,2,False,False,True,9.0
datsun pl510,4.0,97.0,88.0,2130.0,14.5,71,japan,966.1509599999999,Medium,1955,1,False,True,False,27.0
chevrolet vega 2300,4.0,140.0,90.0,2264.0,15.5,71,usa,1026.932288,Medium,1955,2,False,False,True,28.0
toyota corona,4.0,113.0,95.0,2228.0,14.0,71,japan,1010.602976,Medium,1955,1,False,True,False,25.0
ford pinto,4.0,98.0,92.5,2046.0,19.0,71,usa,928.049232,Medium,1955,2,False,False,True,25.0
amc gremlin,6.0,232.0,100.0,2634.0,13.0,71,usa,1194.761328,Low,1955,2,False,False,True,19.0
plymouth satellite custom,6.0,225.0,105.0,3439.0,15.5,71,usa,1559.902888,Low,1955,2,False,False,True,16.0
chevrolet chevelle malibu,6.0,250.0,100.0,3329.0,15.5,71,usa,1510.007768,Low,1955,2,False,False,True,17.0
ford torino 500,6.0,250.0,88.0,3302.0,15.5,71,usa,1497.760784,Low,1955,2,False,False,True,19.0
amc matador,6.0,232.0,100.0,3288.0,15.5,71,usa,1491.410496,Low,1955,2,False,False,True,18.0
chevrolet impala,8.0,350.0,165.0,4209.0,12.0,71,usa,1909.1687279999999,Low,1955,2,False,False,True,14.0
pontiac catalina brougham,8.0,400.0,175.0,4464.0,11.5,71,usa,2024.834688,Low,1955,2,False,False,True,14.0
ford galaxie 500,8.0,351.0,153.0,4154.0,13.5,71,usa,1884.221168,Low,1955,2,False,False,True,14.0
plymouth fury iii,8.0,318.0,150.0,4096.0,13.0,71,usa,1857.912832,Low,1955,2,False,False,True,14.0
dodge monaco (sw),8.0,383.0,180.0,4955.0,11.5,71,usa,2247.54836,Low,1955,2,False,False,True,12.0
ford country squire (sw),8.0,400.0,170.0,4746.0,12.0,71,usa,2152.747632,Low,1955,2,False,False,True,13.0
pontiac safari (sw),8.0,400.0,175.0,5140.0,12.0,71,usa,2331.46288,Low,1955,2,False,False,True,13.0
amc hornet sportabout (sw),6.0,258.0,110.0,2962.0,13.5,71,usa,1343.539504,Low,1955,2,False,False,True,18.0
chevrolet vega (sw),4.0,140.0,72.0,2408.0,19.0,71,usa,1092.249536,Medium,1955,2,False,False,True,22.0
pontiac firebird,6.0,250.0,100.0,3282.0,15.0,71,usa,1488.688944,Low,1955,2,False,False,True,19.0
ford mustang,6.0,250.0,88.0,3139.0,14.5,71,usa,1423.825288,Low,1955,2,False,False,True,18.0
mercury capri 2000,4.0,122.0,86.0,2220.0,14.0,71,usa,1006.97424,Medium,1955,2,False,False,True,23.0
opel 1900,4.0,116.0,90.0,2123.0,14.0,71,europe,962.975816,Medium,1955,0,True,False,False,28.0
peugeot 304,4.0,79.0,70.0,2074.0,19.5,71,europe,940.749808,High,1955,0,True,False,False,30.0
fiat 124b,4.0,88.0,76.0,2065.0,14.5,71,europe,936.66748,High,1955,0,True,False,False,30.0
toyota corolla 1200,4.0,71.0,65.0,1773.0,19.0,71,japan,804.218616,High,1955,1,False,True,False,31.0
datsun 1200,4.0,72.0,69.0,1613.0,18.0,71,japan,731.643896,High,1955,1,False,True,False,35.0
volkswagen model 111,4.0,97.0,60.0,1834.0,19.0,71,europe,831.887728,Medium,1955,0,True,False,False,27.0
plymouth cricket,4.0,91.0,70.0,1955.0,20.5,71,usa,886.7723599999999,Medium,1955,2,False,False,True,26.0
toyota corona hardtop,4.0,113.0,95.0,2278.0,15.5,72,japan,1033.282576,Medium,1954,1,False,True,False,24.0
dodge colt hardtop,4.0,97.5,80.0,2126.0,17.0,72,usa,964.336592,Medium,1954,2,False,False,True,25.0
volkswagen type 3,4.0,97.0,54.0,2254.0,23.5,72,europe,1022.3963679999999,Medium,1954,0,True,False,False,23.0
chevrolet vega,4.0,140.0,90.0,2408.0,19.5,72,usa,1092.249536,Medium,1954,2,False,False,True,20.0
ford pinto runabout,4.0,122.0,86.0,2226.0,16.5,72,usa,1009.695792,Medium,1954,2,False,False,True,21.0
chevrolet impala,8.0,350.0,165.0,4274.0,12.0,72,usa,1938.652208,Low,1954,2,False,False,True,13.0
pontiac catalina,8.0,400.0,175.0,4385.0,12.0,72,usa,1989.00092,Low,1954,2,False,False,True,14.0
plymouth fury iii,8.0,318.0,150.0,4135.0,13.5,72,usa,1875.60292,Low,1954,2,False,False,True,15.0
ford galaxie 500,8.0,351.0,153.0,4129.0,13.0,72,usa,1872.881368,Low,1954,2,False,False,True,14.0
amc ambassador sst,8.0,304.0,150.0,3672.0,11.5,72,usa,1665.589824,Low,1954,2,False,False,True,17.0
mercury marquis,8.0,429.0,208.0,4633.0,11.0,72,usa,2101.491736,Low,1954,2,False,False,True,11.0
buick lesabre custom,8.0,350.0,155.0,4502.0,13.5,72,usa,2042.071184,Low,1954,2,False,False,True,13.0
oldsmobile delta 88 royale,8.0,350.0,160.0,4456.0,13.5,72,usa,2021.205952,Low,1954,2,False,False,True,12.0
chrysler newport royal,8.0,400.0,190.0,4422.0,12.5,72,usa,2005.7838239999999,Low,1954,2,False,False,True,13.0
mazda rx2 coupe,3.0,70.0,97.0,2330.0,13.5,72,japan,1056.86936,Low,1954,1,False,True,False,19.0
amc matador (sw),8.0,304.0,150.0,3892.0,12.5,72,usa,1765.380064,Low,1954,2,False,False,True,15.0
chevrolet chevelle concours (sw),8.0,307.0,130.0,4098.0,14.0,72,usa,1858.820016,Low,1954,2,False,False,True,13.0
ford gran torino (sw),8.0,302.0,140.0,4294.0,16.0,72,usa,1947.724048,Low,1954,2,False,False,True,13.0
plymouth satellite custom (sw),8.0,318.0,150.0,4077.0,14.0,72,usa,1849.294584,Low,1954,2,False,False,True,14.0
volvo 145e (sw),4.0,121.0,112.0,2933.0,14.5,72,europe,1330.385336,Low,1954,0,True,False,False,18.0
volkswagen 411 (sw),4.0,121.0,76.0,2511.0,18.0,72,europe,1138.969512,Medium,1954,0,True,False,False,22.0
peugeot 504 (sw),4.0,120.0,87.0,2979.0,19.5,72,europe,1351.250568,Medium,1954,0,True,False,False,21.0
renault 12 (sw),4.0,96.0,69.0,2189.0,18.0,72,europe,992.912888,Medium,1954,0,True,False,False,26.0
ford pinto (sw),4.0,122.0,86.0,2395.0,16.0,72,usa,1086.35284,Medium,1954,2,False,False,True,22.0
datsun 510 (sw),4.0,97.0,92.0,2288.0,17.0,72,japan,1037.818496,Medium,1954,1,False,True,False,28.0
toyouta corona mark ii (sw),4.0,120.0,97.0,2506.0,14.5,72,japan,1136.701552,Medium,1954,1,False,True,False,23.0
dodge colt (sw),4.0,98.0,80.0,2164.0,15.0,72,usa,981.573088,Medium,1954,2,False,False,True,28.0
toyota corolla 1600 (sw),4.0,97.0,88.0,2100.0,16.5,72,japan,952.5432,Medium,1954,1,False,True,False,27.0
buick century 350,8.0,350.0,175.0,4100.0,13.0,73,usa,1859.7272,Low,1953,2,False,False,True,13.0
amc matador,8.0,304.0,150.0,3672.0,11.5,73,usa,1665.589824,Low,1953,2,False,False,True,14.0
chevrolet malibu,8.0,350.0,145.0,3988.0,13.0,73,usa,1808.924896,Low,1953,2,False,False,True,13.0
ford gran torino,8.0,302.0,137.0,4042.0,14.5,73,usa,1833.418864,Low,1953,2,False,False,True,14.0
dodge coronet custom,8.0,318.0,150.0,3777.0,12.5,73,usa,1713.216984,Low,1953,2,False,False,True,15.0
mercury marquis brougham,8.0,429.0,198.0,4952.0,11.5,73,usa,2246.187584,Low,1953,2,False,False,True,12.0
chevrolet caprice classic,8.0,400.0,150.0,4464.0,12.0,73,usa,2024.834688,Low,1953,2,False,False,True,13.0
ford ltd,8.0,351.0,158.0,4363.0,13.0,73,usa,1979.021896,Low,1953,2,False,False,True,13.0
plymouth fury gran sedan,8.0,318.0,150.0,4237.0,14.5,73,usa,1921.869304,Low,1953,2,False,False,True,14.0
chrysler new yorker brougham,8.0,440.0,215.0,4735.0,11.0,73,usa,2147.75812,Low,1953,2,False,False,True,13.0
buick electra 225 custom,8.0,455.0,225.0,4951.0,11.0,73,usa,2245.733992,Low,1953,2,False,False,True,12.0
amc ambassador brougham,8.0,360.0,175.0,3821.0,11.0,73,usa,1733.1750319999999,Low,1953,2,False,False,True,13.0
plymouth valiant,6.0,225.0,105.0,3121.0,16.5,73,usa,1415.660632,Low,1953,2,False,False,True,18.0
chevrolet nova custom,6.0,250.0,100.0,3278.0,18.0,73,usa,1486.874576,Low,1953,2,False,False,True,16.0
amc hornet,6.0,232.0,100.0,2945.0,16.0,73,usa,1335.82844,Low,1953,2,False,False,True,18.0
ford maverick,6.0,250.0,88.0,3021.0,16.5,73,usa,1370.301432,Low,1953,2,False,False,True,18.0
plymouth duster,6.0,198.0,95.0,2904.0,16.0,73,usa,1317.231168,Medium,1953,2,False,False,True,23.0
volkswagen super beetle,4.0,97.0,46.0,1950.0,21.0,73,europe,884.5044,Medium,1953,0,True,False,False,26.0
chevrolet impala,8.0,400.0,150.0,4997.0,14.0,73,usa,2266.599224,Low,1953,2,False,False,True,11.0
ford country,8.0,400.0,167.0,4906.0,12.5,73,usa,2225.322352,Low,1953,2,False,False,True,12.0
plymouth custom suburb,8.0,360.0,170.0,4654.0,13.0,73,usa,2111.017168,Low,1953,2,False,False,True,13.0
oldsmobile vista cruiser,8.0,350.0,180.0,4499.0,12.5,73,usa,2040.710408,Low,1953,2,False,False,True,12.0
amc gremlin,6.0,232.0,100.0,2789.0,15.0,73,usa,1265.068088,Low,1953,2,False,False,True,18.0
toyota carina,4.0,97.0,88.0,2279.0,19.0,73,japan,1033.736168,Medium,1953,1,False,True,False,20.0
chevrolet vega,4.0,140.0,72.0,2401.0,19.5,73,usa,1089.074392,Medium,1953,2,False,False,True,21.0
datsun 610,4.0,108.0,94.0,2379.0,16.5,73,japan,1079.095368,Medium,1953,1,False,True,False,22.0
maxda rx3,3.0,70.0,90.0,2124.0,13.5,73,japan,963.429408,Low,1953,1,False,True,False,18.0
ford pinto,4.0,122.0,85.0,2310.0,18.5,73,usa,1047.79752,Low,1953,2,False,False,True,19.0
mercury capri v6,6.0,155.0,107.0,2472.0,14.0,73,usa,1121.279424,Medium,1953,2,False,False,True,21.0
fiat 124 sport coupe,4.0,98.0,90.0,2265.0,15.5,73,europe,1027.38588,Medium,1953,0,True,False,False,26.0
chevrolet monte carlo s,8.0,350.0,145.0,4082.0,13.0,73,usa,1851.562544,Low,1953,2,False,False,True,15.0
pontiac grand prix,8.0,400.0,230.0,4278.0,9.5,73,usa,1940.466576,Low,1953,2,False,False,True,16.0
fiat 128,4.0,68.0,49.0,1867.0,19.5,73,europe,846.856264,Medium,1953,0,True,False,False,29.0
opel manta,4.0,116.0,75.0,2158.0,15.5,73,europe,978.851536,Medium,1953,0,True,False,False,24.0
audi 100ls,4.0,114.0,91.0,2582.0,14.0,73,europe,1171.174544,Medium,1953,0,True,False,False,20.0
volvo 144ea,4.0,121.0,112.0,2868.0,15.5,73,europe,1300.901856,Low,1953,0,True,False,False,19.0
dodge dart custom,8.0,318.0,150.0,3399.0,11.0,73,usa,1541.759208,Low,1953,2,False,False,True,15.0
saab 99le,4.0,121.0,110.0,2660.0,14.0,73,europe,1206.55472,Medium,1953,0,True,False,False,24.0
toyota mark ii,6.0,156.0,122.0,2807.0,13.5,73,japan,1273.232744,Medium,1953,1,False,True,False,20.0
oldsmobile omega,8.0,350.0,180.0,3664.0,11.0,73,usa,1661.961088,Low,1953,2,False,False,True,11.0
plymouth duster,6.0,198.0,95.0,3102.0,16.5,74,usa,1407.042384,Medium,1952,2,False,False,True,20.0
ford maverick,6.0,200.0,92.5,2875.0,17.0,74,usa,1304.077,Medium,1952,2,False,False,True,21.0
amc hornet,6.0,232.0,92.5,2901.0,16.0,74,usa,1315.870392,Low,1952,2,False,False,True,19.0
chevrolet nova,6.0,250.0,100.0,3336.0,17.0,74,usa,1513.182912,Low,1952,2,False,False,True,15.0
datsun b210,4.0,79.0,67.0,1950.0,19.0,74,japan,884.5044,High,1952,1,False,True,False,31.0
ford pinto,4.0,122.0,80.0,2451.0,16.5,74,usa,1111.753992,Medium,1952,2,False,False,True,26.0
toyota corolla 1200,4.0,71.0,92.5,1836.0,15.5,74,japan,832.794912,High,1952,1,False,True,False,32.0
chevrolet vega,4.0,140.0,75.0,2542.0,17.0,74,usa,1153.030864,Medium,1952,2,False,False,True,25.0
chevrolet chevelle malibu classic,6.0,250.0,100.0,3781.0,17.0,74,usa,1715.031352,Low,1952,2,False,False,True,16.0
amc matador,6.0,258.0,110.0,3632.0,18.0,74,usa,1647.446144,Low,1952,2,False,False,True,16.0
plymouth satellite sebring,6.0,225.0,105.0,3613.0,16.5,74,usa,1638.827896,Low,1952,2,False,False,True,18.0
ford gran torino,8.0,302.0,92.5,4141.0,14.0,74,usa,1878.324472,Low,1952,2,False,False,True,16.0
buick century luxus (sw),8.0,350.0,150.0,4699.0,14.5,74,usa,2131.428808,Low,1952,2,False,False,True,13.0
dodge coronet custom (sw),8.0,318.0,150.0,4457.0,13.5,74,usa,2021.6595439999999,Low,1952,2,False,False,True,14.0
ford gran torino (sw),8.0,302.0,140.0,4638.0,16.0,74,usa,2103.759696,Low,1952,2,False,False,True,14.0
amc matador (sw),8.0,304.0,150.0,4257.0,15.5,74,usa,1930.941144,Low,1952,2,False,False,True,14.0
audi fox,4.0,98.0,83.0,2219.0,16.5,74,europe,1006.5206479999999,Medium,1952,0,True,False,False,29.0
volkswagen dasher,4.0,79.0,67.0,1963.0,15.5,74,europe,890.4010959999999,Medium,1952,0,True,False,False,26.0
opel manta,4.0,97.0,78.0,2300.0,14.5,74,europe,1043.2616,Medium,1952,0,True,False,False,26.0
toyota corona,4.0,76.0,52.0,1649.0,16.5,74,japan,747.973208,High,1952,1,False,True,False,31.0
datsun 710,4.0,83.0,61.0,2003.0,19.0,74,japan,908.544776,High,1952,1,False,True,False,32.0
dodge colt,4.0,90.0,75.0,2125.0,14.5,74,usa,963.883,Medium,1952,2,False,False,True,28.0
fiat 128,4.0,90.0,75.0,2108.0,15.5,74,europe,956.171936,Medium,1952,0,True,False,False,24.0
fiat 124 tc,4.0,116.0,75.0,2246.0,14.0,74,europe,1018.7676319999999,Medium,1952,0,True,False,False,26.0
honda civic,4.0,120.0,97.0,2489.0,15.0,74,japan,1128.990488,Medium,1952,1,False,True,False,24.0
subaru,4.0,108.0,93.0,2391.0,15.5,74,japan,1084.538472,Medium,1952,1,False,True,False,26.0
fiat x1.9,4.0,79.0,67.0,2000.0,16.0,74,europe,907.184,High,1952,0,True,False,False,31.0
plymouth valiant custom,6.0,225.0,95.0,3264.0,16.0,75,usa,1480.524288,Low,1951,2,False,False,True,19.0
chevrolet nova,6.0,250.0,105.0,3459.0,16.0,75,usa,1568.974728,Low,1951,2,False,False,True,18.0
mercury monarch,6.0,250.0,72.0,3432.0,21.0,75,usa,1556.727744,Low,1951,2,False,False,True,15.0
ford maverick,6.0,250.0,72.0,3158.0,19.5,75,usa,1432.443536,Low,1951,2,False,False,True,15.0
pontiac catalina,8.0,400.0,170.0,4668.0,11.5,75,usa,2117.367456,Low,1951,2,False,False,True,16.0
chevrolet bel air,8.0,350.0,145.0,4440.0,14.0,75,usa,2013.94848,Low,1951,2,False,False,True,15.0
plymouth grand fury,8.0,318.0,150.0,4498.0,14.5,75,usa,2040.256816,Low,1951,2,False,False,True,16.0
ford ltd,8.0,351.0,148.0,4657.0,13.5,75,usa,2112.377944,Low,1951,2,False,False,True,14.0
buick century,6.0,231.0,110.0,3907.0,21.0,75,usa,1772.1839439999999,Low,1951,2,False,False,True,17.0
chevroelt chevelle malibu,6.0,250.0,105.0,3897.0,18.5,75,usa,1767.648024,Low,1951,2,False,False,True,16.0
amc matador,6.0,258.0,110.0,3730.0,19.0,75,usa,1691.89816,Low,1951,2,False,False,True,15.0
plymouth fury,6.0,225.0,95.0,3785.0,19.0,75,usa,1716.84572,Low,1951,2,False,False,True,18.0
buick skyhawk,6.0,231.0,110.0,3039.0,15.0,75,usa,1378.466088,Medium,1951,2,False,False,True,21.0
chevrolet monza 2+2,8.0,262.0,110.0,3221.0,13.5,75,usa,1461.019832,Medium,1951,2,False,False,True,20.0
ford mustang ii,8.0,302.0,129.0,3169.0,12.0,75,usa,1437.4330479999999,Low,1951,2,False,False,True,13.0
toyota corolla,4.0,97.0,75.0,2171.0,16.0,75,japan,984.748232,Medium,1951,1,False,True,False,29.0
ford pinto,4.0,140.0,83.0,2639.0,17.0,75,usa,1197.029288,Medium,1951,2,False,False,True,23.0
amc gremlin,6.0,232.0,100.0,2914.0,16.0,75,usa,1321.767088,Medium,1951,2,False,False,True,20.0
pontiac astro,4.0,140.0,78.0,2592.0,18.5,75,usa,1175.710464,Medium,1951,2,False,False,True,23.0
toyota corona,4.0,134.0,96.0,2702.0,13.5,75,japan,1225.605584,Medium,1951,1,False,True,False,24.0
volkswagen dasher,4.0,90.0,71.0,2223.0,16.5,75,europe,1008.335016,Medium,1951,0,True,False,False,25.0
datsun 710,4.0,119.0,97.0,2545.0,17.0,75,japan,1154.39164,Medium,1951,1,False,True,False,24.0
ford pinto,6.0,171.0,97.0,2984.0,14.5,75,usa,1353.518528,Low,1951,2,False,False,True,18.0
volkswagen rabbit,4.0,90.0,70.0,1937.0,14.0,75,europe,878.607704,Medium,1951,0,True,False,False,29.0
amc pacer,6.0,232.0,90.0,3211.0,17.0,75,usa,1456.483912,Low,1951,2,False,False,True,19.0
audi 100ls,4.0,115.0,95.0,2694.0,15.0,75,europe,1221.976848,Medium,1951,0,True,False,False,23.0
peugeot 504,4.0,120.0,88.0,2957.0,17.0,75,europe,1341.271544,Medium,1951,0,True,False,False,23.0
volvo 244dl,4.0,121.0,98.0,2945.0,14.5,75,europe,1335.82844,Medium,1951,0,True,False,False,22.0
saab 99le,4.0,121.0,115.0,2671.0,13.5,75,europe,1211.544232,Medium,1951,0,True,False,False,25.0
honda civic cvcc,4.0,91.0,53.0,1795.0,17.5,75,japan,814.19764,High,1951,1,False,True,False,33.0
fiat 131,4.0,107.0,86.0,2464.0,15.5,76,europe,1117.650688,Medium,1950,0,True,False,False,28.0
opel 1900,4.0,116.0,81.0,2220.0,16.9,76,europe,1006.97424,Medium,1950,0,True,False,False,25.0
capri ii,4.0,140.0,92.0,2572.0,14.9,76,usa,1166.638624,Medium,1950,2,False,False,True,25.0
dodge colt,4.0,98.0,79.0,2255.0,17.7,76,usa,1022.84996,Medium,1950,2,False,False,True,26.0
renault 12tl,4.0,101.0,83.0,2202.0,15.3,76,europe,998.809584,Medium,1950,0,True,False,False,27.0
chevrolet chevelle malibu classic,8.0,305.0,140.0,4215.0,13.0,76,usa,1911.89028,Low,1950,2,False,False,True,17.5
dodge coronet brougham,8.0,318.0,150.0,4190.0,13.0,76,usa,1900.5504799999999,Low,1950,2,False,False,True,16.0
amc matador,8.0,304.0,120.0,3962.0,13.9,76,usa,1797.131504,Low,1950,2,False,False,True,15.5
ford gran torino,8.0,351.0,152.0,4215.0,12.8,76,usa,1911.89028,Low,1950,2,False,False,True,14.5
plymouth valiant,6.0,225.0,100.0,3233.0,15.4,76,usa,1466.462936,Medium,1950,2,False,False,True,22.0
chevrolet nova,6.0,250.0,105.0,3353.0,14.5,76,usa,1520.893976,Medium,1950,2,False,False,True,22.0
ford maverick,6.0,200.0,81.0,3012.0,17.6,76,usa,1366.219104,Medium,1950,2,False,False,True,24.0
amc hornet,6.0,232.0,90.0,3085.0,17.6,76,usa,1399.33132,Medium,1950,2,False,False,True,22.5
chevrolet chevette,4.0,85.0,52.0,2035.0,22.2,76,usa,923.05972,Medium,1950,2,False,False,True,29.0
chevrolet woody,4.0,98.0,60.0,2164.0,22.1,76,usa,981.573088,Medium,1950,2,False,False,True,24.5
vw rabbit,4.0,90.0,70.0,1937.0,14.2,76,europe,878.607704,Medium,1950,0,True,False,False,29.0
honda civic,4.0,91.0,53.0,1795.0,17.4,76,japan,814.19764,High,1950,1,False,True,False,33.0
dodge aspen se,6.0,225.0,100.0,3651.0,17.7,76,usa,1656.064392,Medium,1950,2,False,False,True,20.0
ford granada ghia,6.0,250.0,78.0,3574.0,21.0,76,usa,1621.137808,Low,1950,2,False,False,True,18.0
pontiac ventura sj,6.0,250.0,110.0,3645.0,16.2,76,usa,1653.34284,Low,1950,2,False,False,True,18.5
amc pacer d/l,6.0,258.0,95.0,3193.0,17.8,76,usa,1448.319256,Low,1950,2,False,False,True,17.5
volkswagen rabbit,4.0,97.0,71.0,1825.0,12.2,76,europe,827.8054,Medium,1950,0,True,False,False,29.5
datsun b-210,4.0,85.0,70.0,1990.0,17.0,76,japan,902.6480799999999,High,1950,1,False,True,False,32.0
toyota corolla,4.0,97.0,75.0,2155.0,16.4,76,japan,977.49076,Medium,1950,1,False,True,False,28.0
ford pinto,4.0,140.0,72.0,2565.0,13.6,76,usa,1163.46348,Medium,1950,2,False,False,True,26.5
volvo 245,4.0,130.0,102.0,3150.0,15.7,76,europe,1428.8147999999999,Medium,1950,0,True,False,False,20.0
plymouth volare premier v8,8.0,318.0,150.0,3940.0,13.2,76,usa,1787.15248,Low,1950,2,False,False,True,13.0
peugeot 504,4.0,120.0,88.0,3270.0,21.9,76,europe,1483.24584,Low,1950,0,True,False,False,19.0
toyota mark ii,6.0,156.0,108.0,2930.0,15.5,76,japan,1329.02456,Low,1950,1,False,True,False,19.0
mercedes-benz 280s,6.0,168.0,120.0,3820.0,16.7,76,europe,1732.72144,Low,1950,0,True,False,False,16.5
cadillac seville,8.0,350.0,180.0,4380.0,12.1,76,usa,1986.73296,Low,1950,2,False,False,True,16.5
chevy c10,8.0,350.0,145.0,4055.0,12.0,76,usa,1839.31556,Low,1950,2,False,False,True,13.0
ford f108,8.0,302.0,130.0,3870.0,15.0,76,usa,1755.40104,Low,1950,2,False,False,True,13.0
dodge d100,8.0,318.0,150.0,3755.0,14.0,76,usa,1703.23796,Low,1950,2,False,False,True,13.0
honda accord cvcc,4.0,98.0,68.0,2045.0,18.5,77,japan,927.59564,High,1949,1,False,True,False,31.5
buick opel isuzu deluxe,4.0,111.0,80.0,2155.0,14.8,77,usa,977.49076,High,1949,2,False,False,True,30.0
renault 5 gtl,4.0,79.0,58.0,1825.0,18.6,77,europe,827.8054,High,1949,0,True,False,False,36.0
plymouth arrow gs,4.0,122.0,96.0,2300.0,15.5,77,usa,1043.2616,Medium,1949,2,False,False,True,25.5
datsun f-10 hatchback,4.0,85.0,70.0,1945.0,16.8,77,japan,882.23644,High,1949,1,False,True,False,33.5
chevrolet caprice classic,8.0,305.0,145.0,3880.0,12.5,77,usa,1759.93696,Low,1949,2,False,False,True,17.5
oldsmobile cutlass supreme,8.0,260.0,110.0,4060.0,19.0,77,usa,1841.58352,Low,1949,2,False,False,True,17.0
dodge monaco brougham,8.0,318.0,145.0,4140.0,13.7,77,usa,1877.87088,Low,1949,2,False,False,True,15.5
mercury cougar brougham,8.0,302.0,130.0,4295.0,14.9,77,usa,1948.1776399999999,Low,1949,2,False,False,True,15.0
chevrolet concours,6.0,250.0,110.0,3520.0,16.4,77,usa,1596.64384,Low,1949,2,False,False,True,17.5
buick skylark,6.0,231.0,105.0,3425.0,16.9,77,usa,1553.5526,Medium,1949,2,False,False,True,20.5
plymouth volare custom,6.0,225.0,100.0,3630.0,17.7,77,usa,1646.53896,Low,1949,2,False,False,True,19.0
ford granada,6.0,250.0,98.0,3525.0,19.0,77,usa,1598.9118,Low,1949,2,False,False,True,18.5
pontiac grand prix lj,8.0,400.0,180.0,4220.0,11.1,77,usa,1914.15824,Low,1949,2,False,False,True,16.0
chevrolet monte carlo landau,8.0,350.0,170.0,4165.0,11.4,77,usa,1889.21068,Low,1949,2,False,False,True,15.5
chrysler cordoba,8.0,400.0,190.0,4325.0,12.2,77,usa,1961.7854,Low,1949,2,False,False,True,15.5
ford thunderbird,8.0,351.0,149.0,4335.0,14.5,77,usa,1966.32132,Low,1949,2,False,False,True,16.0
volkswagen rabbit custom,4.0,97.0,78.0,1940.0,14.5,77,europe,879.96848,Medium,1949,0,True,False,False,29.0
pontiac sunbird coupe,4.0,151.0,88.0,2740.0,16.0,77,usa,1242.84208,Medium,1949,2,False,False,True,24.5
toyota corolla liftback,4.0,97.0,75.0,2265.0,18.2,77,japan,1027.38588,Medium,1949,1,False,True,False,26.0
ford mustang ii 2+2,4.0,140.0,89.0,2755.0,15.8,77,usa,1249.64596,Medium,1949,2,False,False,True,25.5
chevrolet chevette,4.0,98.0,63.0,2051.0,17.0,77,usa,930.317192,High,1949,2,False,False,True,30.5
dodge colt m/m,4.0,98.0,83.0,2075.0,15.9,77,usa,941.2034,High,1949,2,False,False,True,33.5
subaru dl,4.0,97.0,67.0,1985.0,16.4,77,japan,900.38012,High,1949,1,False,True,False,30.0
volkswagen dasher,4.0,97.0,78.0,2190.0,14.1,77,europe,993.36648,High,1949,0,True,False,False,30.5
datsun 810,6.0,146.0,97.0,2815.0,14.5,77,japan,1276.86148,Medium,1949,1,False,True,False,22.0
bmw 320i,4.0,121.0,110.0,2600.0,12.8,77,europe,1179.3392,Medium,1949,0,True,False,False,21.5
mazda rx-4,3.0,80.0,110.0,2720.0,13.5,77,japan,1233.77024,Medium,1949,1,False,True,False,21.5
volkswagen rabbit custom diesel,4.0,90.0,48.0,1985.0,21.5,78,europe,900.38012,High,1948,0,True,False,False,43.1
ford fiesta,4.0,98.0,66.0,1800.0,14.4,78,usa,816.4656,High,1948,2,False,False,True,36.1
mazda glc deluxe,4.0,78.0,52.0,1985.0,19.4,78,japan,900.38012,High,1948,1,False,True,False,32.8
datsun b210 gx,4.0,85.0,70.0,2070.0,18.6,78,japan,938.93544,High,1948,1,False,True,False,39.4
honda civic cvcc,4.0,91.0,60.0,1800.0,16.4,78,japan,816.4656,High,1948,1,False,True,False,36.1
oldsmobile cutlass salon brougham,8.0,260.0,110.0,3365.0,15.5,78,usa,1526.33708,Low,1948,2,False,False,True,19.9
dodge diplomat,8.0,318.0,140.0,3735.0,13.2,78,usa,1694.16612,Low,1948,2,False,False,True,19.4
mercury monarch ghia,8.0,302.0,139.0,3570.0,12.8,78,usa,1619.32344,Medium,1948,2,False,False,True,20.2
pontiac phoenix lj,6.0,231.0,105.0,3535.0,19.2,78,usa,1603.44772,Low,1948,2,False,False,True,19.2
chevrolet malibu,6.0,200.0,95.0,3155.0,18.2,78,usa,1431.08276,Medium,1948,2,False,False,True,20.5
ford fairmont (auto),6.0,200.0,85.0,2965.0,15.8,78,usa,1344.90028,Medium,1948,2,False,False,True,20.2
ford fairmont (man),4.0,140.0,88.0,2720.0,15.4,78,usa,1233.77024,Medium,1948,2,False,False,True,25.1
plymouth volare,6.0,225.0,100.0,3430.0,17.2,78,usa,1555.82056,Medium,1948,2,False,False,True,20.5
amc concord,6.0,232.0,90.0,3210.0,17.2,78,usa,1456.03032,Low,1948,2,False,False,True,19.4
buick century special,6.0,231.0,105.0,3380.0,15.8,78,usa,1533.14096,Medium,1948,2,False,False,True,20.6
mercury zephyr,6.0,200.0,85.0,3070.0,16.7,78,usa,1392.52744,Medium,1948,2,False,False,True,20.8
dodge aspen,6.0,225.0,110.0,3620.0,18.7,78,usa,1642.00304,Low,1948,2,False,False,True,18.6
amc concord d/l,6.0,258.0,120.0,3410.0,15.1,78,usa,1546.74872,Low,1948,2,False,False,True,18.1
chevrolet monte carlo landau,8.0,305.0,145.0,3425.0,13.2,78,usa,1553.5526,Low,1948,2,False,False,True,19.2
buick regal sport coupe (turbo),6.0,231.0,165.0,3445.0,13.4,78,usa,1562.62444,Low,1948,2,False,False,True,17.7
ford futura,8.0,302.0,139.0,3205.0,11.2,78,usa,1453.76236,Low,1948,2,False,False,True,18.1
dodge magnum xe,8.0,146.0,140.0,4080.0,13.7,78,usa,1850.65536,Low,1948,2,False,False,True,17.5
chevrolet chevette,4.0,98.0,68.0,2155.0,16.5,78,usa,977.49076,High,1948,2,False,False,True,30.0
toyota corona,4.0,134.0,95.0,2560.0,14.2,78,japan,1161.19552,Medium,1948,1,False,True,False,27.5
datsun 510,4.0,119.0,97.0,2300.0,14.7,78,japan,1043.2616,Medium,1948,1,False,True,False,27.2
dodge omni,4.0,105.0,75.0,2230.0,14.5,78,usa,1011.51016,High,1948,2,False,False,True,30.9
toyota celica gt liftback,4.0,134.0,95.0,2515.0,14.8,78,japan,1140.78388,Medium,1948,1,False,True,False,21.1
plymouth sapporo,4.0,146.0,105.0,2745.0,16.7,78,usa,1245.11004,Medium,1948,2,False,False,True,23.2
oldsmobile starfire sx,4.0,151.0,85.0,2855.0,17.6,78,usa,1295.00516,Medium,1948,2,False,False,True,23.8
datsun 200-sx,4.0,119.0,97.0,2405.0,14.9,78,japan,1090.88876,Medium,1948,1,False,True,False,23.9
audi 5000,5.0,131.0,103.0,2830.0,15.9,78,europe,1283.66536,Medium,1948,0,True,False,False,20.3
volvo 264gl,6.0,163.0,125.0,3140.0,13.6,78,europe,1424.27888,Low,1948,0,True,False,False,17.0
saab 99gle,4.0,121.0,115.0,2795.0,15.7,78,europe,1267.78964,Medium,1948,0,True,False,False,21.6
peugeot 604sl,6.0,163.0,133.0,3410.0,15.8,78,europe,1546.74872,Low,1948,0,True,False,False,16.2
volkswagen scirocco,4.0,89.0,71.0,1990.0,14.9,78,europe,902.6480799999999,High,1948,0,True,False,False,31.5
honda accord lx,4.0,98.0,68.0,2135.0,16.6,78,japan,968.41892,Medium,1948,1,False,True,False,29.5
pontiac lemans v6,6.0,231.0,115.0,3245.0,15.4,79,usa,1471.90604,Medium,1947,2,False,False,True,21.5
mercury zephyr 6,6.0,200.0,85.0,2990.0,18.2,79,usa,1356.24008,Low,1947,2,False,False,True,19.8
ford fairmont 4,4.0,146.0,88.0,2890.0,17.3,79,usa,1310.88088,Medium,1947,2,False,False,True,22.3
amc concord dl 6,6.0,232.0,90.0,3265.0,18.2,79,usa,1480.97788,Medium,1947,2,False,False,True,20.2
dodge aspen 6,6.0,225.0,92.5,3360.0,16.6,79,usa,1524.0691199999999,Medium,1947,2,False,False,True,20.6
chevrolet caprice classic,8.0,305.0,130.0,3840.0,15.4,79,usa,1741.7932799999999,Low,1947,2,False,False,True,17.0
ford ltd landau,8.0,302.0,129.0,2797.5,13.4,79,usa,1268.92362,Low,1947,2,False,False,True,17.6
mercury grand marquis,8.0,351.0,138.0,3955.0,13.2,79,usa,1793.95636,Low,1947,2,False,False,True,16.5
dodge st. regis,8.0,318.0,135.0,3830.0,15.2,79,usa,1737.25736,Low,1947,2,False,False,True,18.2
buick estate wagon (sw),8.0,350.0,155.0,4360.0,14.9,79,usa,1977.66112,Low,1947,2,False,False,True,16.9
ford country squire (sw),8.0,351.0,142.0,4054.0,14.3,79,usa,1838.861968,Low,1947,2,False,False,True,15.5
chevrolet malibu classic (sw),8.0,267.0,125.0,3605.0,15.0,79,usa,1635.19916,Low,1947,2,False,False,True,19.2
chrysler lebaron town @ country (sw),8.0,360.0,150.0,3940.0,13.0,79,usa,1787.15248,Low,1947,2,False,False,True,18.5
vw rabbit custom,4.0,89.0,71.0,1925.0,14.0,79,europe,873.1646,High,1947,0,True,False,False,31.9
maxda glc deluxe,4.0,86.0,65.0,1975.0,15.2,79,japan,895.8442,High,1947,1,False,True,False,34.1
dodge colt hatchback custom,4.0,98.0,80.0,1915.0,14.4,79,usa,868.62868,High,1947,2,False,False,True,35.7
amc spirit dl,4.0,121.0,80.0,2670.0,15.0,79,usa,1211.09064,Medium,1947,2,False,False,True,27.4
mercedes benz 300d,5.0,183.0,77.0,3530.0,20.1,79,europe,1601.17976,Medium,1947,0,True,False,False,25.4
cadillac eldorado,8.0,350.0,125.0,3900.0,17.4,79,usa,1769.0088,Medium,1947,2,False,False,True,23.0
peugeot 504,4.0,141.0,71.0,3190.0,24.8,79,europe,1446.95848,Medium,1947,0,True,False,False,27.2
oldsmobile cutlass salon brougham,8.0,260.0,90.0,3420.0,22.2,79,usa,1551.28464,Medium,1947,2,False,False,True,23.9
plymouth horizon,4.0,105.0,70.0,2200.0,13.2,79,usa,997.9024,High,1947,2,False,False,True,34.2
plymouth horizon tc3,4.0,105.0,70.0,2150.0,14.9,79,usa,975.2228,High,1947,2,False,False,True,34.5
datsun 210,4.0,85.0,65.0,2020.0,19.2,79,japan,916.25584,High,1947,1,False,True,False,31.8
fiat strada custom,4.0,91.0,69.0,2130.0,14.7,79,europe,966.1509599999999,High,1947,0,True,False,False,37.3
buick skylark limited,4.0,151.0,90.0,2670.0,16.0,79,usa,1211.09064,Medium,1947,2,False,False,True,28.4
chevrolet citation,6.0,173.0,115.0,2595.0,11.3,79,usa,1177.07124,Medium,1947,2,False,False,True,28.8
oldsmobile omega brougham,6.0,173.0,115.0,2700.0,12.9,79,usa,1224.6984,Medium,1947,2,False,False,True,26.8
pontiac phoenix,4.0,151.0,90.0,2556.0,13.2,79,usa,1159.381152,High,1947,2,False,False,True,33.5
vw rabbit,4.0,98.0,76.0,2144.0,14.7,80,europe,972.501248,High,1946,0,True,False,False,41.5
toyota corolla tercel,4.0,89.0,60.0,1968.0,18.8,80,japan,892.669056,High,1946,1,False,True,False,38.1
chevrolet chevette,4.0,98.0,70.0,2120.0,15.5,80,usa,961.61504,High,1946,2,False,False,True,32.1
datsun 310,4.0,86.0,65.0,2019.0,16.4,80,japan,915.802248,High,1946,1,False,True,False,37.2
chevrolet citation,4.0,151.0,90.0,2678.0,16.5,80,usa,1214.719376,Medium,1946,2,False,False,True,28.0
ford fairmont,4.0,140.0,88.0,2870.0,18.1,80,usa,1301.80904,Medium,1946,2,False,False,True,26.4
amc concord,4.0,151.0,90.0,3003.0,20.1,80,usa,1362.136776,Medium,1946,2,False,False,True,24.3
dodge aspen,6.0,225.0,90.0,3381.0,18.7,80,usa,1533.594552,Low,1946,2,False,False,True,19.1
audi 4000,4.0,97.0,78.0,2188.0,15.8,80,europe,992.459296,High,1946,0,True,False,False,34.3
toyota corona liftback,4.0,134.0,90.0,2711.0,15.5,80,japan,1229.687912,Medium,1946,1,False,True,False,29.8
mazda 626,4.0,120.0,75.0,2542.0,17.5,80,japan,1153.030864,High,1946,1,False,True,False,31.3
datsun 510 hatchback,4.0,119.0,92.0,2434.0,15.0,80,japan,1104.042928,High,1946,1,False,True,False,37.0
toyota corolla,4.0,108.0,75.0,2265.0,15.2,80,japan,1027.38588,High,1946,1,False,True,False,32.2
mazda glc,4.0,86.0,65.0,2110.0,17.9,80,japan,957.07912,High,1946,1,False,True,False,46.6
dodge colt,4.0,156.0,105.0,2800.0,14.4,80,usa,1270.0576,Medium,1946,2,False,False,True,27.9
datsun 210,4.0,85.0,65.0,2110.0,19.2,80,japan,957.07912,High,1946,1,False,True,False,40.8
vw rabbit c (diesel),4.0,90.0,48.0,2085.0,21.7,80,europe,945.73932,High,1946,0,True,False,False,44.3
vw dasher (diesel),4.0,90.0,48.0,2335.0,23.7,80,europe,1059.13732,High,1946,0,True,False,False,43.4
audi 5000s (diesel),5.0,121.0,67.0,2950.0,19.9,80,europe,1338.0964,High,1946,0,True,False,False,36.4
mercedes-benz 240d,4.0,146.0,67.0,3250.0,21.8,80,europe,1474.174,High,1946,0,True,False,False,30.0
honda civic 1500 gl,4.0,91.0,67.0,1850.0,13.8,80,japan,839.1452,High,1946,1,False,True,False,44.6
renault lecar deluxe,4.0,85.0,92.5,1835.0,17.3,80,europe,832.34132,High,1946,0,True,False,False,40.9
subaru dl,4.0,97.0,67.0,2145.0,18.0,80,japan,972.95484,High,1946,1,False,True,False,33.8
vokswagen rabbit,4.0,89.0,62.0,1845.0,15.3,80,europe,836.87724,Medium,1946,0,True,False,False,29.8
datsun 280-zx,6.0,168.0,132.0,2910.0,11.4,80,japan,1319.95272,High,1946,1,False,True,False,32.7
mazda rx-7 gs,3.0,70.0,100.0,2420.0,12.5,80,japan,1097.69264,Medium,1946,1,False,True,False,23.7
triumph tr7 coupe,4.0,122.0,88.0,2500.0,15.1,80,europe,1133.98,High,1946,0,True,False,False,35.0
ford mustang cobra,4.0,140.0,92.5,2905.0,14.3,80,usa,1317.68476,Medium,1946,2,False,False,True,23.6
honda accord,4.0,107.0,72.0,2290.0,17.0,80,japan,1038.72568,High,1946,1,False,True,False,32.4
plymouth reliant,4.0,135.0,84.0,2490.0,15.7,81,usa,1129.44408,Medium,1945,2,False,False,True,27.2
buick skylark,4.0,151.0,84.0,2635.0,16.4,81,usa,1195.21492,Medium,1945,2,False,False,True,26.6
dodge aries wagon (sw),4.0,156.0,92.0,2620.0,14.4,81,usa,1188.41104,Medium,1945,2,False,False,True,25.8
chevrolet citation,6.0,173.0,110.0,2725.0,12.6,81,usa,1236.0382,Medium,1945,2,False,False,True,23.5
plymouth reliant,4.0,135.0,84.0,2385.0,12.9,81,usa,1081.81692,High,1945,2,False,False,True,30.0
toyota starlet,4.0,79.0,58.0,1755.0,16.9,81,japan,796.05396,High,1945,1,False,True,False,39.1
plymouth champ,4.0,86.0,64.0,1875.0,16.4,81,usa,850.485,High,1945,2,False,False,True,39.0
honda civic 1300,4.0,81.0,60.0,1760.0,16.1,81,japan,798.32192,High,1945,1,False,True,False,35.1
subaru,4.0,97.0,67.0,2065.0,17.8,81,japan,936.66748,High,1945,1,False,True,False,32.3
datsun 210 mpg,4.0,85.0,65.0,1975.0,19.4,81,japan,895.8442,High,1945,1,False,True,False,37.0
toyota tercel,4.0,89.0,62.0,2050.0,17.3,81,japan,929.8636,High,1945,1,False,True,False,37.7
mazda glc 4,4.0,91.0,68.0,1985.0,16.0,81,japan,900.38012,High,1945,1,False,True,False,34.1
plymouth horizon 4,4.0,105.0,63.0,2215.0,14.9,81,usa,1004.70628,High,1945,2,False,False,True,34.7
ford escort 4w,4.0,98.0,65.0,2045.0,16.2,81,usa,927.59564,High,1945,2,False,False,True,34.4
ford escort 2h,4.0,98.0,65.0,2380.0,20.7,81,usa,1079.54896,Medium,1945,2,False,False,True,29.9
volkswagen jetta,4.0,105.0,74.0,2190.0,14.2,81,europe,993.36648,High,1945,0,True,False,False,33.0
renault 18i,4.0,100.0,92.5,2320.0,15.8,81,europe,1052.3334399999999,High,1945,0,True,False,False,34.5
honda prelude,4.0,107.0,75.0,2210.0,14.4,81,japan,1002.43832,High,1945,1,False,True,False,33.7
toyota corolla,4.0,108.0,75.0,2350.0,16.8,81,japan,1065.9412,High,1945,1,False,True,False,32.4
datsun 200sx,4.0,119.0,100.0,2615.0,14.8,81,japan,1186.14308,High,1945,1,False,True,False,32.9
mazda 626,4.0,120.0,74.0,2635.0,18.3,81,japan,1195.21492,High,1945,1,False,True,False,31.6
peugeot 505s turbo diesel,4.0,141.0,80.0,3230.0,20.4,81,europe,1465.10216,Medium,1945,0,True,False,False,28.1
volvo diesel,6.0,145.0,76.0,3160.0,19.6,81,europe,1433.35072,High,1945,0,True,False,False,30.7
toyota cressida,6.0,168.0,116.0,2900.0,12.6,81,japan,1315.4168,Medium,1945,1,False,True,False,25.4
datsun 810 maxima,6.0,146.0,120.0,2930.0,13.8,81,japan,1329.02456,Medium,1945,1,False,True,False,24.2
buick century,6.0,231.0,110.0,3415.0,15.8,81,usa,1549.01668,Medium,1945,2,False,False,True,22.4
oldsmobile cutlass ls,8.0,350.0,105.0,3725.0,19.0,81,usa,1689.6302,Medium,1945,2,False,False,True,26.6
ford granada gl,6.0,200.0,88.0,3060.0,17.1,81,usa,1387.99152,Medium,1945,2,False,False,True,20.2
chrysler lebaron salon,6.0,225.0,85.0,3465.0,16.6,81,usa,1571.69628,Low,1945,2,False,False,True,17.6
chevrolet cavalier,4.0,112.0,88.0,2605.0,19.6,82,usa,1181.60716,Medium,1944,2,False,False,True,28.0
chevrolet cavalier wagon,4.0,112.0,88.0,2640.0,18.6,82,usa,1197.48288,Medium,1944,2,False,False,True,27.0
chevrolet cavalier 2-door,4.0,112.0,88.0,2395.0,18.0,82,usa,1086.35284,High,1944,2,False,False,True,34.0
pontiac j2000 se hatchback,4.0,112.0,85.0,2575.0,16.2,82,usa,1167.9994,High,1944,2,False,False,True,31.0
dodge aries se,4.0,135.0,84.0,2525.0,16.0,82,usa,1145.3198,Medium,1944,2,False,False,True,29.0
pontiac phoenix,4.0,151.0,90.0,2735.0,18.0,82,usa,1240.57412,Medium,1944,2,False,False,True,27.0
ford fairmont futura,4.0,140.0,92.0,2865.0,16.4,82,usa,1299.54108,Medium,1944,2,False,False,True,24.0
amc concord dl,4.0,151.0,92.5,3035.0,20.5,82,usa,1376.65172,Medium,1944,2,False,False,True,23.0
volkswagen rabbit l,4.0,105.0,74.0,1980.0,15.3,82,europe,898.11216,High,1944,0,True,False,False,36.0
mazda glc custom l,4.0,91.0,68.0,2025.0,18.2,82,japan,918.5237999999999,High,1944,1,False,True,False,37.0
mazda glc custom,4.0,91.0,68.0,1970.0,17.6,82,japan,893.57624,High,1944,1,False,True,False,31.0
plymouth horizon miser,4.0,105.0,63.0,2125.0,14.7,82,usa,963.883,High,1944,2,False,False,True,38.0
mercury lynx l,4.0,98.0,70.0,2125.0,17.3,82,usa,963.883,High,1944,2,False,False,True,36.0
nissan stanza xe,4.0,120.0,88.0,2160.0,14.5,82,japan,979.75872,High,1944,1,False,True,False,36.0
honda accord,4.0,107.0,75.0,2205.0,14.5,82,japan,1000.17036,High,1944,1,False,True,False,36.0
toyota corolla,4.0,108.0,70.0,2245.0,16.9,82,japan,1018.31404,High,1944,1,False,True,False,34.0
honda civic,4.0,91.0,67.0,1965.0,15.0,82,japan,891.30828,High,1944,1,False,True,False,38.0
honda civic (auto),4.0,91.0,67.0,1965.0,15.7,82,japan,891.30828,High,1944,1,False,True,False,32.0
datsun 310 gx,4.0,91.0,67.0,1995.0,16.2,82,japan,904.91604,High,1944,1,False,True,False,38.0
buick century limited,6.0,181.0,110.0,2945.0,16.4,82,usa,1335.82844,Medium,1944,2,False,False,True,25.0
oldsmobile cutlass ciera (diesel),6.0,262.0,85.0,3015.0,17.0,82,usa,1367.57988,High,1944,2,False,False,True,38.0
chrysler lebaron medallion,4.0,156.0,92.0,2585.0,14.5,82,usa,1172.53532,Medium,1944,2,False,False,True,26.0
ford granada l,6.0,232.0,112.0,2835.0,14.7,82,usa,1285.93332,Medium,1944,2,False,False,True,22.0
toyota celica gt,4.0,144.0,96.0,2665.0,13.9,82,japan,1208.82268,High,1944,1,False,True,False,32.0
dodge charger 2.2,4.0,135.0,84.0,2370.0,13.0,82,usa,1075.01304,High,1944,2,False,False,True,36.0
chevrolet camaro,4.0,151.0,90.0,2950.0,17.3,82,usa,1338.0964,Medium,1944,2,False,False,True,27.0
ford mustang gl,4.0,140.0,86.0,2790.0,15.6,82,usa,1265.52168,Medium,1944,2,False,False,True,27.0
vw pickup,4.0,97.0,52.0,2130.0,24.6,82,europe,966.1509599999999,High,1944,0,True,False,False,44.0
dodge rampage,4.0,135.0,84.0,2295.0,11.6,82,usa,1040.99364,High,1944,2,False,False,True,32.0
ford ranger,4.0,120.0,79.0,2625.0,18.6,82,usa,1190.679,Medium,1944,2,False,False,True,28.0
chevy s-10,4.0,119.0,82.0,2720.0,19.4,82,usa,1233.77024,High,1944,2,False,False,True,31.0
